,organisation_chain,tender_reference_number,tender_id,tender_type,withdrawal_allowed,tender_category,product_category,tender_value_in_â‚¹_,period_of_work(days),title,work_description,published_date,location,bid_submission_start_date,bid_submission_end_date,bid_opening_date,bid_validity(days),name,address
0,Airports Authority of India,AAI/TRY/ ENGG(E)/CW-14/ 2022-23,2023_AAI_144890_1,Open Tender,Yes,Works,Electrical Works ," 6,46,388 ",60,Replacement of feeder cable for STP at Trichy Airport,Replacement of feeder cable for STP at Trichy Airport,2023-02-10 18:00:00,"AAI, Trichy Airport",2023-02-11 09:30:00,2023-03-04 18:00:00,2023-03-06 11:00:00,90,Asst.Gen.Manager(Engg-Elect),"Asst.Gen.Manager(Engg-Elect), AAI, Trichy Airport."
1,Airports Authority of India,AAI/MDU/CIVIL/674/2023/,2023_AAI_143765_1,Open Tender,Yes,Works,Civil Works ," 12,56,481 ",45,Supply and Installation of steel portable cabin (Office Container) for Cargo office at Air cargo Terminal in Madurai Airport,Supply and Installation of steel portable cabin (Office Container) for Cargo office at Air cargo Terminal in Madurai Airport,2023-02-10 17:00:00,"AAI,Madurai Airport, Madurai-625022",2023-02-11 09:30:00,2023-03-03 18:00:00,2023-03-06 11:00:00,90,"SM(E-C), AAI, Madurai Airport, Madurai-625022","SM(E-C), AAI, Madurai Airport, Madurai-625022"
2,Airports Authority of India,AAI/BLY/COMMERCIAL/2023-24,2023_AAI_145016_1,Open Tender,Yes,Services,Miscellaneous Services ," 2,82,288 ",365,LICENSE FOR 02 CLUBBED FACILITIES i.e. TEA/SNACK BAR COUNTER IN SECURITY HOLD AREA (SHA) AND TROLLEY RETRIEVAL CUM ADVERTISEMENT RIGHTS FACILITY AT BARIELLY AIRPORT,"LICENSE FOR 02 CLUBBED FACILITIES
i.e. TEA/SNACK BAR COUNTER IN SECURITY HOLD AREA (SHA)
AND
TROLLEY RETRIEVAL CUM ADVERTISEMENT RIGHTS FACILITY
AT BARIELLY AIRPORT",2023-02-10 17:00:00,"Civil Enclave, Bareilly",2023-02-10 17:00:00,2023-02-17 12:00:00,2023-02-18 12:00:00,180,OIC (Commercial),"Office of the Airport Director, OIC (Commercial),Civil Enclave, Bareilly"
3,Airports Authority of India,AAI/KSG/AGM(C)/Sec. Room/2022-23,2023_AAI_144881_1,Open Tender,Yes,Works,Civil Works ," 13,31,835 ",60,Provision of room for security arrangements at Kishangarh Airport,Provision of room for security arrangements at Kishangarh Airport,2023-02-10 12:30:00,Kishangarh Airport,2023-02-14 09:30:00,2023-03-02 18:00:00,2023-03-04 11:00:00,90,AGM(C),Kishangarh Airport
4,Airports Authority of India,AAC/EMD-II/CAT-I-ALCMS/2022-23,2023_AAI_142159_1,Open Tender,Yes,Works,Electrical Works ," 7,60,93,245 ",240,Integration of CAT-I Approach Circuits of Primary Runway,"Integration of CAT_I Approach Circuits of Primary Runway 19L 01R with existing ALCMS
and Associated Electrical Work at NSCBI Airport, Kolkata",2023-02-10 09:30:00,"NSCBI Airport, Kolkata",2023-02-10 09:30:00,2023-03-06 18:00:00,2023-03-09 15:00:00,90,AGM (E-E),"Operational building, EMD-II, AAI, NSCBI Airport, Kolkata - 52."
5,Airports Authority of India,AAI/VNS/ENGG/Vehicles Parking/eNIT-99,2023_AAI_144875_1,Open Tender,Yes,Works,Civil Works - Roads ," 1,07,70,000 ",90,"Development of parking area for Governance, political vehicle, staff vehicles and replacement of damaged footpath tiles in car parking at LBSI Airport Varanasi","Development of parking area for Governance, political vehicle, staff vehicles and replacement of damaged footpath tiles in car parking at LBSI Airport Varanasi",2023-02-09 18:00:00,LBSI Airport Varanasi,2023-02-18 09:00:00,2023-03-03 18:00:00,2023-03-06 11:30:00,90,AGM Engg Civil,"LBSI Airport, Varanasi"
6,Airports Authority of India,AAI/JODHPUR/Commercial-01/ATM,2023_AAI_144651_1,Open Tender,Yes,Services,Allotment of Space ," 7,337 ",2555,"LICENCE FOR INSTALLATION, OPERATION, MAINTENANCE AND MANAGEMENT OF AUTOMATED TELLER MACHINE  FACILITY OUTSIDE TERMINAL BUILDING AT CIVIL ENCLAVE, JODHPUR","LICENCE FOR INSTALLATION, OPERATION, MAINTENANCE AND MANAGEMENT OF AUTOMATED TELLER MACHINE  FACILITY OUTSIDE TERMINAL BUILDING AT CIVIL ENCLAVE, JODHPUR",2023-02-09 18:00:00,JODHPUR,2023-02-09 18:00:00,2023-03-03 18:00:00,2023-03-06 10:00:00,180,AIRPORT DIRECTOR,"CIVIL ENCLAVE, JODHPUR"
7,Airports Authority of India,AAI/DIU/ENGG(E)/WR/ENIT2/22-23,2023_AAI_144631_1,Open Tender,Yes,Works,Electrical Works ," 26,72,460 ",30,Provision of 50 KW Roof Top Solar Power System at Diu Airport,Provision of 50 KW Roof Top Solar Power System at Diu Airport,2023-02-09 17:00:00,Diu Airport,2023-02-09 18:00:00,2023-02-20 15:00:00,2023-02-21 15:30:00,90,AGM(EE),"Asstt.Gen.Manager (E-E), Airports Authority Of India, Regional Head Quarter, W/R, Integrated operational offices building, 5th floor, Parsiwada, Vile Parle (East), Mumbai-400099"
8,Airports Authority of India,AAI/PTK/Engg.(C)/229,2023_AAI_144421_1,Open Tender,Yes,Works,Civil Works ," 60,00,000 ",730,Annual Maintenance Contract of Civil work for Operational and Non Operational Areas at Pathankot Airport during the year 2023-25.,Annual Maintenance Contract of Civil work for Operational and Non Operational Areas at Pathankot Airport during the year 2023-25.,2023-02-09 17:00:00,Pathankot Airport,2023-02-09 17:00:00,2023-03-02 11:00:00,2023-03-03 11:00:00,90,"AGM (Engg.Civil), Amritsar Airport","AGM (E-C), AAI, BCAS office Building, Engineering wing, SGRDJ International Airport, Amritsar Pin-143101."
9,Airports Authority of India,AAI/VAD/AGM (E-C)/Painting/2022-23,2023_AAI_143773_1,Open Tender,Yes,Works,Civil Works ," 40,55,000 ",365,"Painting, markings to the Runway, Taxiway, Apron and other allied Navigational Facilities for the year 2022- 23 at C.A. Vadodara.","Painting, markings to the Runway, Taxiway, Apron and other allied Navigational Facilities for the year 2022- 23 at C.A. Vadodara.",2023-02-09 13:00:00,Vadodara,2023-02-10 09:30:00,2023-03-08 18:00:00,2023-03-10 11:00:00,90,"AGM (E-C), Old Terminal Vadodara Airport.","Office of AGM (E-C), Old Terminal Building, Vadodara Airport."
10,Airports Authority of India,OP 12012 18 1 2023 APD SR MADURAI,2023_AAI_144549_1,Open Tender,Yes,Works,Job Works ," 15,53,966 ",730,JOB CONTRACT FOR HIRING OF 02 NOS PARAMEDICAL STAFF TO CARRY OUT B A TEST AT MADURAI AIRPORT,"JOB CONTRACT FOR HIRING OF 02 NOS  PARAMEDICAL STAFF TO CARRY OUT BA TEST AT MADURAI AIRPORT

",2023-02-09 13:00:00,Madurai Airport,2023-02-09 13:00:00,2023-02-16 17:00:00,2023-02-17 17:00:00,90,AIRPORT DIRECTOR,AIRPORT DIRECTOR MADURAI AIRPORT
11,Airports Authority of India,AAI/BO/EE/NIT12/PMatric/202223,2023_AAI_144464_1,Open Tender,Yes,Works,Electrical Works ," 47,20,126 ",90,"Supply of Airfield Ground Lighting (AGL) Spares, Conducting Photometric test and Rectification of non confirmance with CAR at C.A. Vadodara.","Supply of Airfield Ground Lighting (AGL) Spares, Conducting Photometric test and Rectification of non confirmance with CAR at C.A. Vadodara.",2023-02-09 10:00:00,VADODARA AIRPORT,2023-02-09 10:00:00,2023-03-01 18:00:00,2023-03-03 11:00:00,90,AGM(E-E),"Airports Authority of India, Vadodara Airport, Vadodara."
12,Airports Authority of India,AAI/ENG/WR/AGM/KAN/NIT05/22-23,2022_AAI_123734_1,Open Tender,Yes,Works,Electrical Works ," 77,42,292 ",120,"Augmentation of power supply including conversion from LT to HT including provision of DG set at C.A. Kandla. SH - SITC of 11 KV , 250 kVA Compact Substation at Kandla Airport",As per BOQ,2023-02-08 16:00:00,Kandla Airport,2023-02-09 15:00:00,2023-02-24 18:00:00,2023-02-27 12:00:00,90,AGM(EE),"5th Floor, Engineering office, Integrated Operational Office building, Regional Headquarters, Airports Authority of India, Vile parle, Mumbai-400099"
13,Airports Authority of India,AAI/BPL/Comml/PrepaidTaxi/2023,2023_AAI_143763_1,Open Tender,Yes,Services,Transportation Services ," 1,13,135 ",1095,"E tender for award of License to Operate Prepaid Taxi Services Outside Arrival Hall of terminal building at Raja Bhoj Airport, Bhopal.","E tender for award of License to Operate Prepaid Taxi Services Outside Arrival Hall of terminal building at Raja Bhoj Airport, Bhopal.",2023-02-08 13:30:00,Raja Bhoj Airport Bhopal,2023-02-08 13:30:00,2023-03-01 16:00:00,2023-03-02 16:30:00,180,Airport Director,"office of Airport Director, Raja Bhoj Airport Bhopal"
14,Airports Authority of India,"Provision of Check in counters, Ticketing counters",2022_AAI_107550_1,Open Tender,Yes,Works,Civil Works ," 92,81,355 ",90,"Provision of Check in counters, Ticketing counters, Gate counters and Security hold area counters for new Terminal building at Jabalpur Airport","Provision of Check in counters, Ticketing counters, Gate counters and Security hold area counters for new Terminal building at Jabalpur Airport",2023-02-08 13:00:00,Jabalpur Airport,2023-02-09 09:30:00,2023-02-28 18:00:00,2023-03-02 11:00:00,90,AGM (E-C) Civil-II,Project Office Jabalpur Airport 
15,Airports Authority of India,AAI/GOA/COMML/VP/PT162/2023,2023_AAI_144335_1,Open Tender,Yes,Services,Miscellaneous Services ," 68,94,000 ",180,"concession (short term) to operate parking management and collection of parking fees, at Land no. PT 162, Goa International Airport, Dabolim.","concession (short term) to operate parking management and collection of parking fees, at Land no. PT 162, Goa International Airport, Dabolim.",2023-02-07 18:55:00,Goa International Airport,2023-02-07 18:55:00,2023-02-28 15:00:00,2023-03-01 15:00:00,180,Airport Director,O/o Airport Director
16,Airports Authority of India,AAI/VNS/ENGG/Repair work/eNIT-98,2023_AAI_144306_1,Open Tender,Yes,Works,Civil Works ," 23,60,000 ",60,"Special repair of boundary wall near old power house to airport  main gate and decoration of this wall alongwith surface of profile sheet view cutter along car parking by providing local/traditional theme based painting work at LBSI Airport, Varanasi","Special repair of boundary wall near old power house to airport  main gate and decoration of this wall alongwith surface of profile sheet view cutter along car parking by providing local/traditional theme based painting work at LBSI Airport, Varanasi",2023-02-07 18:00:00,LBSI Airport Varanasi,2023-02-15 09:00:00,2023-02-28 18:00:00,2023-03-02 11:30:00,90,AGM Engg Civil,LBSI Airport Varanasi
17,Airports Authority of India,AAI/WR/KESHOD/AGM(EE)/01,2023_AAI_143948_1,Open Tender,Yes,Works,Electrical Works ," 37,90,312 ",30,SITC of 50kW Ground Mounted PV Solar Power Plant at AAI. Keshod,SITC of 50kW Ground Mounted PV Solar Power Plant at AAI. Keshod,2023-02-07 17:00:00,C.A.Keshod,2023-02-07 18:00:00,2023-02-15 15:00:00,2023-02-16 15:30:00,90,AGM(EE),"Asstt.Gen.Manager (E-E), Airports Authority Of India, Regional Head Quarter, W/R, Integrated operational offices building, 5th floor, Parsiwada, Vile Parle (East), Mumbai-400099"
18,Airports Authority of India,AAI/SRT/AGM(E-E)/eNIT-08/22-23,2023_AAI_144315_1,Open Tender,Yes,Works,Electrical Works ," 61,89,000 ",1095,Operation of Apron Drive Glass Walled Passenger Boarding Bridge and Visual Docking Guidance System at Surat Airport for 2023-26.,Operation of Apron Drive Glass Walled Passenger Boarding Bridge and Visual Docking Guidance System at Surat Airport for 2023-26.,2023-02-07 10:00:00,"AAI, Surat Airport, Surat",2023-02-07 10:00:00,2023-02-27 15:00:00,2023-02-28 15:00:00,90,"AGM(E-E), AAI, Surat Airport","AGM(E-E), AAI, Surat Airport"
19,Airports Authority of India,AAI/ENGG(C)/FALSE CEILING/2022-23,2023_AAI_143777_1,Open Tender,Yes,Works,Civil Works ," 68,94,536 ",183,"Facelift works like Provision of ACP Cladding at Arrival and Departure Hall, Provision of metal false ceiling, Provision of Granite flooring and miscellaneous works at Kadapa Airport","Facelift works like Provision of ACP Cladding at Arrival and Departure Hall, Provision of metal false ceiling, Provision of Granite flooring and miscellaneous works at Kadapa Airport",2023-02-06 18:30:00,KADAPA AIRPORT,2023-02-15 09:30:00,2023-03-01 18:00:00,2023-03-03 11:00:00,90,Sr. MANAGER (E-C),"Engg. Civil office, Kadapa Airport"
20,Aravali Power Company Pvt. Ltd - IGSTPP,100000633,2023_APCPL_144149_1,Single,Yes,Goods,Miscellaneous Goods ,NA,90,"Spares for ESP, APH and FD Fan","Spares for ESP, APH and FD Fan",2023-02-10 12:00:00,APCPL Jharli,2023-02-10 14:00:00,2023-02-20 15:00:00,2023-02-21 15:00:00,120,AGM CNM,APCPL Jharli Jhajjar Haryana 124141
21,Aravali Power Company Pvt. Ltd - IGSTPP,CRN-3894,2023_APCPL_144049_1,Open Tender,Yes,Works,Civil Works ,NA,365,Contract for Structure Strengthening and Life Enhancement of NDCT-II at IGSTPP Jharli,Contract for Structure Strengthening and Life Enhancement of NDCT-II at IGSTPP Jharli,2023-02-04 18:00:00,IGSTPP Jharli,2023-02-04 18:00:00,2023-02-20 14:30:00,2023-02-21 15:15:00,180,HOD CNM,IGSTPP Jharli
22,Aravali Power Company Pvt. Ltd - IGSTPP,100000711,2022_APCPL_139960_2,Limited,Yes,Goods,Miscellaneous Goods ,NA,90,Pulleys for inline Magnetic Separator (ILMS) ,Pulleys for inline Magnetic Separator (ILMS) ,2023-02-04 11:00:00,APCPL Jharli,2023-02-04 13:00:00,2023-02-13 15:00:00,2023-02-14 15:00:00,120,AGM CNM,APCPL Jharli Jhajjar Haryana 124141
23,Aravali Power Company Pvt. Ltd - IGSTPP,CRN-3885,2023_APCPL_143781_1,Limited,Yes,Services,Miscellaneous Services ,NA,365,"Supply, Stacking n Spreading of 65 mm Machine crushed ballast for MGR Track at IGSTPP Jharli","Supply, Stacking n Spreading of 65 mm Machine crushed ballast for MGR Track at IGSTPP Jharli",2023-02-03 18:00:00,IGSTPP Jharli,2023-02-03 18:00:00,2023-02-20 14:30:00,2023-02-21 15:15:00,180,HOD CNM,IGSTPP Jharli
24,Aravali Power Company Pvt. Ltd - IGSTPP,100000744,2023_APCPL_142634_1,Limited,Yes,Goods,Miscellaneous Goods ,NA,90,Forged Hammers for Crusher,Forged Hammers for Crusher,2023-01-23 16:30:00,APCPL Jharli,2023-01-23 17:30:00,2023-02-11 15:00:00,2023-02-13 15:00:00,120,AGM CNM,APCPL Jharli Jhajjar Haryana 124141
25,Aravali Power Company Pvt. Ltd - IGSTPP,CRN-3860,2022_APCPL_137491_2,Limited,Yes,Works,Miscellaneous Works ,NA,365,"Removal , supply and erection of old and new cladding and roofing sheet in main plant","Removal , supply and erection of old and new cladding and roofing sheet in main plant",2023-01-19 18:55:00,IGSTPP Jharli,2023-01-19 18:55:00,2023-02-14 14:30:00,2023-02-15 15:15:00,180,HOD CNM,IGSTPP Jharli
26,Aravali Power Company Pvt. Ltd - IGSTPP,IGSTPP/CS/22-23/CRN-3907,2023_APCPL_144946_1,Open Tender,Yes,Goods,Consumables- Raw materials ,NA,183,PROCUREMENT OF 0.3 MMT OF IMPORTED COAL FOR APCPL POWER PLANT,PROCUREMENT OF 0.3 MMT OF IMPORTED COAL FOR APCPL POWER PLANT,2023-02-10 16:10:00,"IGSTPP,JHARLI",2023-02-17 11:00:00,2023-02-24 15:00:00,2023-02-25 15:10:00,180,HOD CNM,"IGSTPP,JHARLI"
27,Aravali Power Company Pvt. Ltd - IGSTPP,CRN-3902,2023_APCPL_144660_1,Limited,Yes,Services,Miscellaneous Services ,NA,730,Rate Contract for deployment of service engineer for servicing and testing of Sky Climber ,"Rate Contract for deployment of service engineer for servicing and testing of Sky Climber at IGSTPP, Jharli, Jhajjar, Haryana",2023-02-09 09:00:00,IGSTPP,2023-02-09 09:00:00,2023-02-14 15:00:00,2023-02-15 15:00:00,180,Sr Manager CnM,IGSTPP
28,Aravali Power Company Pvt. Ltd - IGSTPP,100000747,2023_APCPL_141855_2,Limited,Yes,Goods,Miscellaneous Goods ,NA,30,Procurement of Light Diesel Oil,Procurement of Light Diesel Oil,2023-02-04 12:30:00,APCPL JHARLI JHAJJR,2023-02-04 13:00:00,2023-02-13 15:00:00,2023-02-14 15:00:00,180,AGM CNM,APCPL JHARLI JHAJJAR GARYANA 124141
29,Aravali Power Company Pvt. Ltd - IGSTPP,CRN-3815,2022_APCPL_129283_2,Open Tender,Yes,Services,Miscellaneous Services ,NA,730,Siemens make westronic based electronic interlocking system WESTRACE VLM-6 at S N T area at APCPL Jhajjar,Siemens make westronic based electronic interlocking system WESTRACE VLM-6 at S N T area at APCPL Jhajjar,2023-02-03 18:00:00,IGSTPP Jharli,2023-02-03 18:00:00,2023-02-20 14:30:00,2023-02-21 15:15:00,180,HOD CNM,IGSTPP Jharli
30,Aravali Power Company Pvt. Ltd - IGSTPP,100000578,2022_APCPL_130551_3,Limited,Yes,Goods,Miscellaneous Goods ,NA,90,Rectifier MOdule for 24 VDC DDCMIS,Rectifier MOdule for 24 VDC DDCMIS,2023-01-28 13:15:00,APCPL Jharli,2023-01-28 15:00:00,2023-02-11 15:00:00,2023-02-13 15:00:00,120,AGM CNM,APCPL Jharli Jhajjar Haryana 124141
31,Aravali Power Company Pvt. Ltd - IGSTPP,100000598,2022_APCPL_133555_3,Limited,Yes,Goods,Miscellaneous Goods ,NA,90,Turbocharger for WDG3A,Turbocharger for WDG3A,2023-01-23 11:30:00,APCPL Jharli,2023-01-23 13:30:00,2023-02-11 15:00:00,2023-02-13 15:00:00,120,AGM CNM,APCPL jharli Jhajjar Haryana 124141
32,Bharat Sanchar Nigam Limited (Govt of India Enterprise), 58 /EE(E)BSNL/CBE/22-23,2023_BSNL_145003_1,Open Tender,Yes,Works,Electrical Works ," 3,79,658 ",365,Providing Comprehensive Maintenance of Lifts  8 passenger lift in TE  Saibaba colony TE CTMX Coimbatore and TE Tiruppur,Providing Comprehensive Maintenance of Lifts  8 passenger lift in TE  Saibaba colony TE CTMX Coimbatore and TE Tiruppur,2023-02-10 18:55:00,COIMBATORE,2023-02-11 10:00:00,2023-02-20 11:00:00,2023-02-21 11:30:00,90,EXECUTIVE ENGINEERE,BSNL ED P AND T S Q SAIBABACOLONY CBE 641011
33,Bharat Sanchar Nigam Limited (Govt of India Enterprise),GMT/PLG/RMY/4G OFC tender1/2022-23/37 dtd 10/02/23,2023_BSNL_145089_1,Open Tender,Yes,Works,OFC Laying Works ," 27,49,400 ",70,Laying OFC and related works in Chinturu Mandal Area-6  of BSNL RMY BA AP Circle,Laying OFC and related works in Chinturu Mandal Area-6  of BSNL RMY BA AP Circle,2023-02-10 18:30:00,Chinturu,2023-02-10 18:45:00,2023-03-02 13:00:00,2023-03-03 15:00:00,180,AGMPLG,AGM PLG O/O GMT SANCHAR BHAVAN BSNL RAJAHMUNDRY.
34,Bharat Sanchar Nigam Limited (Govt of India Enterprise),44/EE/BCD/CHD/2022-23,2023_BSNL_145058_1,Open Tender,Yes,Works,Civil Works ," 4,96,167 ",45,Miscellaneous maintenance work and repair of boundary wall in TE  Building Manimajra ,"Miscellaneous maintenance work and repair of boundary wall in TE   Building Manimajra 

",2023-02-10 18:15:00,Manimajra,2023-02-10 18:15:00,2023-02-17 18:00:00,2023-02-28 11:00:00,30,EE CIVIL BCD CHD,TE BUILDING SEECTOR 17 CHANDIGARH
35,Bharat Sanchar Nigam Limited (Govt of India Enterprise),GMT/PLG/RMY/4G OFC tender1/2022-23/35 dtd 10/02/23,2023_BSNL_145079_1,Open Tender,Yes,Works,OFC Laying Works ," 1,40,25,749 ",70,Laying OFC and related works in Maredumilli Mandal Area-6  of BSNL RMY BA AP Circle,Laying OFC and related works in Maredumilli Mandal Area-6  of BSNL RMY BA AP Circle,2023-02-10 18:00:00,MAREDUMILLI,2023-02-10 18:15:00,2023-03-02 13:00:00,2023-03-03 15:00:00,180,AGMPLG,"AGM PLG O/O GMT SANCHAR BHAVAN BSNL RAJAHMUNDRY.
"
36,Bharat Sanchar Nigam Limited (Govt of India Enterprise),AGM(SandM))/NSK/CSC OUTSOURCE /2022-23/02,2023_BSNL_144948_1,Open Tender,Yes,Works,Miscellaneous Works ,NA,365,E-TENDER for OUTSOURCING OF MAINTENANCE AND OPERATIONS OF CUSTOMER SERVICE CENTERS(CSCs) IN NASHIK SSA OF BSNL,MAINTENANCE AND OPERATIONS OF CUSTOMER SERVICE CENTERS(CSCs) IN NASHIK SSA OF BSNL,2023-02-10 18:00:00,"Jurisdiction of PGMTD-Nashik, Nashik SSA, BSNL.",2023-02-10 18:00:00,2023-03-03 14:00:00,2023-03-04 15:30:00,120,"PGMTD-Nashik, BSNL Nashik","Office of the  PGMTD-Nashik BSNL Sanchar Bhavan, Sir Vishveshwarraiyya Marg, Nashik-422002"
37,Bharat Sanchar Nigam Limited (Govt of India Enterprise),032/2022-2023/EE/CD/ALT/GZB,2023_BSNL_144986_1,Open Tender,Yes,Works,Civil Works ," 60,430 ",30,ITEM RATE,ARMO 1O STAFF QUARTER TYPE V,2023-02-10 18:00:00,ALTTC GHAZIABAD ,2023-02-10 18:00:00,2023-02-18 18:00:00,2023-02-22 15:30:00,30,EXECUTIVE ENGINEER CIVIL ,BSNL CIVIL DIVISION ALTTC GHAZIABAD 
38,Bharat Sanchar Nigam Limited (Govt of India Enterprise),DE/CNTxWP/PJMDE/CNTxWP/KPR/98 (MG-5) DT 10.02.23,2023_BSNL_144996_1,Open Tender,Yes,Works,OFC Laying Works ," 28,60,375 ",365,DE/CNTxWP/PJMDE/CNTxWP/KPR/98 (MG-5) DT 10.02.23,DE/CNTxWP/PJMDE/CNTxWP/KPR/98 (MG-5) DT 10.02.23 Optical Fiber Cable Construction work in Murgud - Gadhinglaj OFC Route,2023-02-10 18:00:00,KOLHAPUR,2023-02-10 18:00:00,2023-02-20 12:00:00,2023-02-21 12:00:00,150,DE OFC CNTXW KPR,"O/o Divisional Engineer, Core Network Transmission-West Project,
1st Floor, Transmission Center, WTR Bldg.Temblai Naka Kolhapur 416004"
39,Bharat Sanchar Nigam Limited (Govt of India Enterprise),DE/CNTxWP/PJM/A-23/ PJM-AMN/78 (PA-1)  Dt 10.02.23,2023_BSNL_144979_1,Open Tender,Yes,Works,OFC Laying Works ," 19,51,712 ",365,DE/CNTxWP/PJM/A-23/ PJM-AMN/78 (PA-1) Dt 10.02.23,DE/CNTxWP/PJM/A-23/ PJM-AMN/78 (PA-1) Dt 10.02.23 Optical Fiber Cable Construction work in Panjim WTR-Amona T.E. OFC Route.,2023-02-10 18:00:00,PANJIM,2023-02-10 18:00:00,2023-02-20 12:00:00,2023-02-21 12:00:00,150,DE OFC CNTXW PJM,"O/o Office of the Divisional Engineer ,Core Network Transmission West Project ,
Ist  Floor , Microwave Building, Nr. Joggers Park, Altinho, Panjim  403001"
40,Bharat Sanchar Nigam Limited (Govt of India Enterprise),eNIT78/BSNL/CDGH/2022-23,2023_BSNL_145046_1,Open Tender,Yes,Works,Civil Works - Buildings ," 1,89,339 ",60,Dismantling temporary unused structure raising of main entrance gate and other miscellaneous works inside Telephone Bhawan compound PanBazar Guwahati,Dismantling temporary unused structure raising of main entrance gate and other miscellaneous works inside Telephone Bhawan compound PanBazar Guwahati,2023-02-10 17:30:00,Panbazar Guwahati,2023-02-10 17:45:00,2023-02-20 18:00:00,2023-02-22 11:00:00,30,Executive Engineer Civil,"BSNL Civil Div, 2nd Floor, BSNL Bhawan, PanBazar Guwahati "
41,Bharat Sanchar Nigam Limited (Govt of India Enterprise),GMT/PLG/RMY/4G OFC tender1/2022-23/32 dtd 10/02/23,2023_BSNL_145060_1,Open Tender,Yes,Works,OFC Laying Works ," 72,30,990 ",70,Laying OFC and related works in Chinturu Mandal Area-4  of BSNL RMY BA AP Circle,Laying OFC and related works in Chinturu Mandal Area-4  of BSNL RMY BA AP Circle,2023-02-10 17:30:00,Chinturu,2023-02-10 17:45:00,2023-03-02 13:00:00,2023-03-03 15:00:00,180,AGMPLG,"AGM PLG O/O GMT SANCHAR BHAVAN BSNL RAJAHMUNDRY.
"
42,Bharat Sanchar Nigam Limited (Govt of India Enterprise),S-4-2/e-Tender/Power Plant Repair/UPR/2022-23/13,2023_BSNL_145051_1,Open Tender,Yes,Works,Miscellaneous Works ," 14,14,060 ",365,E-Tender For Repairing of 25/50/100/200 Amp. SMPS P/P ,"E-Tender For Repairing of 25/50/100/200 Amp. SMPS P/P 
Modules In Udaipur SSA",2023-02-10 17:30:00,UDAIPUR,2023-02-10 17:30:00,2023-02-23 14:30:00,2023-02-24 15:00:00,180,GM UDAIPUR BA,DOORSANCHAR BHAWAN HIRAN MAGRI SEC 4 UDAIPUR
43,Bharat Sanchar Nigam Limited (Govt of India Enterprise),GMT/PLG/RMY/4G OFC tender1/2022-23/31 dtd 10/02/23,2023_BSNL_145049_1,Open Tender,Yes,Works,OFC Laying Works ," 6,06,174 ",14,Laying OFC and related works in Prathipadu Mandal Area-1  of BSNL RMY BA AP Circle,Laying OFC and related works in Prathipadu Mandal Area-1  of BSNL RMY BA AP Circle,2023-02-10 17:15:00,PRATHIPADU,2023-02-10 17:30:00,2023-03-02 13:00:00,2023-03-03 15:00:00,180,AGMPLG,"AGM PLG O/O GMT SANCHAR BHAVAN BSNL RAJAHMUNDRY.
"
44,Bharat Sanchar Nigam Limited (Govt of India Enterprise),PLG/TVLA/LIFT TE THIRUVALLA/2022-23/1,2023_BSNL_145028_1,Open Tender,Yes,Works,Job Works ,NA,180,"Comprehensive maintenance of 1x8 Passenger lift at Telephone Exchange bldg, Thiruvalla","comprehensive maintenance of 1x8 Passenger lift at Telephone Bhavan (TE), Thiruvalla",2023-02-10 17:00:00,Thiruvalla,2023-02-10 17:00:00,2023-03-02 11:00:00,2023-03-03 11:00:00,150,AGM Planning,"O/o PGMT, BSNL, Thiruvalla"
45,Bharat Sanchar Nigam Limited (Govt of India Enterprise),MM/E-TENDER/RJT/RMC SCANING/2022-23 Dated 04-02-23,2023_BSNL_144974_1,Open Tender,Yes,Services,"Scanning, Digitisation Services "," 48,00,000 ",365,Scanning Indexing and Uploading of scanned images of various size documents of RMC under smart city project,SCANNING INDEXING  UPLOADING OF SCANNED IMAGES OF VARIOUS SIZED DOCUMENTS OF RAJKOT MUNICIPAL CORPORATION OFFICES UNDER SMART CITY PROJECT WITH BSNL As per Technical details Specification given in tender document,2023-02-10 17:00:00,Rajkot,2023-02-10 17:00:00,2023-03-04 14:30:00,2023-03-06 15:00:00,150,AGM(MM) BSNL Rajkot on behalf of GMTD Rajkot,"2nd Floor Bhaktinagar TE, Lohanagar, Rajkot 360002"
46,Bharat Sanchar Nigam Limited (Govt of India Enterprise),PLG/TVLA/LIFT BSNL BHAVAN/2022-23/1,2023_BSNL_145021_1,Open Tender,Yes,Works,Job Works ,NA,180,"Comprehensive maintenance of 1x8 Passenger lift at BSNL Bhavan,Thiruvalla ","comprehensive maintenance of 1x8 Passenger lift at BSNL Bhavan ,Thiruvalla ",2023-02-10 17:00:00,Thiruvalla,2023-02-10 17:00:00,2023-03-02 11:00:00,2023-03-03 11:00:00,150,AGM Planning,"O/o PGMT, BSNL, Thiruvalla"
47,Bharat Sanchar Nigam Limited (Govt of India Enterprise),TEDS/NIT-05/22-23 (3rd call),2023_BSNL_145007_1,Open Tender,Yes,Works,Electrical Works ,NA,365,"Comprehensive maintenance of PAC, Window, Split AC units, AFD system and operation, monitoring and general maintenance of different electro-mechanical services at Siliguri Main TE Bldg. and Sanchar SikharBldg-Admn. Bldg, Siliguri-3rd call.","Comprehensive maintenance of PAC, Window, Split AC units, AFD system and operation, monitoring and general maintenance of different electro-mechanical services at Siliguri Main TE
Bldg. and Sanchar SikharBldg-Admn. Bldg, Siliguri-3rd call.",2023-02-10 16:30:00,Siliguri Main TE and Admin. Bldg.,2023-02-10 16:30:00,2023-02-16 14:30:00,2023-02-18 14:30:00,90,EE (E)-ED-Siliguri,"Office of Executive Engineer (E),BSNL Electrical Division, Sanchar Sikhar Bldg, 3rd Floor, Room No. 310, Ashutosh Mukherjee Road, College Para, Siliguri-734001."
48,Bharat Sanchar Nigam Limited (Govt of India Enterprise),02/EE/KLM/NIT/2023-24,2023_BSNL_145009_1,Open Tender,Yes,Works,Civil Works ," 4,68,209 ",90,TOWER PAINTING AT BSNL CD KOLLAM,Repainting of 5 nos towers at SHANKARAMNAGALAM ALUMPEEDIKA NEENDAKARA THIRUMULLAVARAM AND KODUVILA,2023-02-10 16:00:00,KOLLAM,2023-02-10 18:00:00,2023-02-25 18:00:00,2023-02-28 11:30:00,90,EE C CD KOLLAM,"O/O GM , 4TH FLOOR BSNL BHAVAN VELLAYITTAMBALAM 691012"
49,Bharat Sanchar Nigam Limited (Govt of India Enterprise),NIT 26 BCD-WGL,2023_BSNL_144980_1,Open Tender,Yes,Works,Civil Works - Buildings ," 3,53,587 ",30,NIT No 26 BCD WGL 9M pole work Chincholi,Providing fabrication and erection of 2 No 9m Monopoles  gantry on terrace of G plus 1 building in Govt. Mahila pranganam at near Chincholi B village of Sarangapur Mandal in Nirmal district Adilabad OA Nizamabad BA 4th Call,2023-02-10 14:00:00,Chincholi Nirmal Dist,2023-02-10 14:05:00,2023-02-15 15:00:00,2023-02-16 15:30:00,30,EE Civil,Room no 703 BSNL Bhavan Hyderabad
50,Bharat Sanchar Nigam Limited (Govt of India Enterprise),PLG/CP/TENDER/CLUSTER OUTSOURCING/2022-23/4(6)  ,2022_BSNL_131807_2,Open Tender,Yes,Works,Support/Maintenance Service ,NA,730,"Etender for outsourcing of EPM in Cluster6-Alathur, Palakkad BA","Etender for outsourcing of EPM in Cluster6-Alathur, Palakkad BA",2023-02-10 12:40:00,ALATHUR,2023-02-10 12:40:00,2023-02-22 12:00:00,2023-02-23 12:00:00,180,"GMT,BSNL,Palakkad","O/o GMT,BSNL,Palakkad-678014"
51,Bharat Sanchar Nigam Limited (Govt of India Enterprise),PLG/CP/Tender/Cluster Outsourcing/2022-23/4(3),2022_BSNL_131728_2,Open Tender,Yes,Works,Support/Maintenance Service ,NA,730,"Etender for outsourcing of EPM in Cluster3-Olavakkode, Palakkad BA","Etender for outsourcing of EPM in Cluster3-Olavakkode, Palakkad BA",2023-02-10 12:30:00, OLAVAKKODE,2023-02-10 12:30:00,2023-02-22 12:00:00,2023-02-23 12:00:00,180,"GMT,BSNL,Palakkad","O/o GMT,BSNL,Palakkad, 678014"
52,Bokaro Power Supply Company (P) Limited,22-23/C-189/NIT-1241,2023_BPSCL_144857_1,Open Tender,Yes,Services,Miscellaneous Services ," 19,60,050 ",365,"Assistance in Electrical Operation of Boiler, Turbine, Generator and associated auxiliaries of Unit 9","Assistance in Electrical Operation of Boiler, Turbine, Generator and associated auxiliaries of Unit 9",2023-02-09 17:00:00,"Power Plant, BPSCL, Bokaro Steel City",2023-02-09 17:00:00,2023-03-09 12:00:00,2023-03-10 12:15:00,180,"A.K Das, CGM (Material Management), BPSCL","Hall No. M 01, Old Administrative Building, ISPAT Bhawan, Bokaro Steel City - 827001"
53,Bokaro Power Supply Company (P) Limited,22-23/C-205/LTE-129,2023_BPSCL_144578_1,Limited,Yes,Services,Miscellaneous Services ," 5,92,020 ",180,Preparation of Onsite Emergency Plan and Disaster Control and Management Plan as per Factories Act/Rule,Preparation of Onsite Emergency Plan and Disaster Control and Management Plan as per Factories Act/Rule,2023-02-08 16:00:00,"Power Plant, BPSCL, BOKARO STEEL CITY",2023-02-08 16:00:00,2023-02-23 11:00:00,2023-02-24 11:00:00,90,Senior Manager (MM),"ADM Office, BPSCL, Ispat Bhawan, Bokaro Steel City"
54,Bokaro Power Supply Company (P) Limited,22-23/C-192/LTE-127,2023_BPSCL_144411_1,Limited,Yes,Services,Miscellaneous Services ," 2,10,373 ",365,Repairing of Instrumentation Motors,Repairing of Instrumentation Motors,2023-02-07 11:00:00,"Power Plant, BPSCL, Bokaro Steel City",2023-02-07 11:00:00,2023-02-23 11:00:00,2023-02-24 11:30:00,90,"S Choudhuri, DGM (Material Management), BPSCL","Hall No. M 01, Old Administrative Building, ISPAT Bhawan, Bokaro Steel City - 827001"
55,Bokaro Power Supply Company (P) Limited,22-23/C-191/LTE-126,2023_BPSCL_144316_1,Limited,Yes,Services,Miscellaneous Services ," 5,76,965 ",365,Medium Repair of LT Motors,Medium Repair of LT Motors,2023-02-07 09:00:00,"Power Plant, BPSCL, Bokaro Steel City",2023-02-07 09:00:00,2023-02-23 11:00:00,2023-02-24 11:30:00,90,"S Choudhuri, DGM (Material Management), BPSCL","Hall No. M 01, Old Administrative Building, ISPAT Bhawan, Bokaro Steel City - 827001"
56,Bokaro Power Supply Company (P) Limited,22-23/C-167/NIT-1239,2023_BPSCL_143556_1,Open Tender,Yes,Services,Miscellaneous Services ," 24,73,605 ",365,Assisting Boiler personnel in maintaining operational norms and equipment health,Assisting Boiler personnel in maintaining operational norms and equipment health,2023-02-01 09:00:00,"Power Plant, BPSCL, Bokaro Steel City",2023-02-01 09:00:00,2023-03-02 12:00:00,2023-03-03 12:15:00,180,"A.K Das, CGM (Material Management), BPSCL","Hall No. M 01, Old Administrative Building, ISPAT Bhawan, Bokaro Steel City - 827001"
57,Bokaro Power Supply Company (P) Limited,22-23/C-185/NIT-1238,2023_BPSCL_143394_1,Open Tender,Yes,Services,Miscellaneous Services ," 64,31,665 ",365,Round the clock assistance in Shift Electrical Operation of complete electrics and supervisory and technical control of TPP,Round the clock assistance in Shift Electrical Operation of complete electrics and supervisory and technical control of TPP,2023-01-31 11:30:00,"Power Plant, BPSCL, Bokaro Steel City",2023-01-31 11:30:00,2023-03-02 12:00:00,2023-03-03 12:15:00,180,"A.K Das, CGM (Material Management), BPSCL","Hall No. M 01, Old Administrative Building, ISPAT Bhawan, Bokaro Steel City - 827001"
58,Bokaro Power Supply Company (P) Limited,22-23/C-142/NIT-1229,2023_BPSCL_143235_1,Open Tender,Yes,Services,Miscellaneous Services ," 11,44,437 ",365,Carrying out in-house routine tests of environment parameters on regular basis.,"Carrying out in-house routine tests of ambient air, flue gas 
emission, noise and other environment parameters on regular basis.
",2023-01-31 09:00:00,"Power Plant, BPSCL,Bokaro Steel City",2023-01-31 09:30:00,2023-02-27 11:30:00,2023-02-28 12:15:00,180,CGM (MM),Bokaro Power Supply Company (P) Ltd. Hall No. M 01 Old Administrative Building ISPAT Bhawan Bokaro Steel City 827001
59,Bokaro Power Supply Company (P) Limited,22-23/C-187/LTE-120,2023_BPSCL_143263_1,Limited,Yes,Works,Civil Works ," 14,52,933 ",180,Face lifting of Brick Manufacturing Plant.,Face lifting of Brick Manufacturing Plant.,2023-01-30 13:00:00,"Power Plant, BPSCL, BOKARO STEEL CITY",2023-01-30 13:00:00,2023-02-13 11:00:00,2023-02-14 11:00:00,90,Senior Manager (MM),"ADM Office, BPSCL, Ispat Bhawan, Bokaro Steel City"
60,Bokaro Power Supply Company (P) Limited,22-23/C-171/NIT-1237,2023_BPSCL_143220_1,Open Tender,Yes,Services,Miscellaneous Services ," 2,04,72,824 ",365,Annual Maintenance Contract of Boiler with its auxiliaries and Turbine Auxiliaries of Unit 6 to 8,Annual Maintenance Contract of Boiler with its auxiliaries and Turbine Auxiliaries of Unit 6 to 8,2023-01-30 09:00:00,"Power Plant, BPSCL, Bokaro Steel City",2023-01-30 09:00:00,2023-02-27 12:00:00,2023-02-28 12:15:00,180,"A.K Das, CGM (Material Management), BPSCL","Hall No. M 01, Old Administrative Building, ISPAT Bhawan, Bokaro Steel City - 827001"
61,Bokaro Power Supply Company (P) Limited,22-23/C-166/LTE-110,2023_BPSCL_142246_1,Limited,Yes,Works,Civil Works ," 14,80,115 ",180,Repair and Painting of Welfare Building 1.,Repair and Painting of Welfare Building 1.,2023-01-24 12:00:00,"Power Plant, BPSCL, BOKARO STEEL CITY",2023-01-24 12:00:00,2023-02-16 11:00:00,2023-02-17 11:15:00,90,Senior Manager (MM),"ADM Office, BPSCL, Ispat Bhawan, Bokaro Steel City"
62,Bokaro Power Supply Company (P) Limited,22-23/C-182/LTE-111,2023_BPSCL_142404_1,Limited,Yes,Services,Miscellaneous Services ," 19,06,785 ",365,"Boiler Tube Failure Analysis for TPP, CPP and  Unit  9.","Boiler Tube Failure Analysis for TPP, CPP and  Unit  9.",2023-01-20 17:00:00,"Power Plant, BPSCL, BOKARO STEEL CITY",2023-01-20 17:00:00,2023-02-13 11:00:00,2023-02-14 11:00:00,90,Senior Manager (MM),"ADM Office, BPSCL, Ispat Bhawan, Bokaro Steel City"
63,Bokaro Power Supply Company (P) Limited,22-23/C-148/NIT-1240,2023_BPSCL_144903_1,Open Tender,Yes,Works,Civil Works ," 71,04,905 ",365,Rate Contract for Painting works in Power Plant,Rate Contract for Painting works in Power Plant,2023-02-10 09:00:00,"Power Plant, BPSCL, Bokaro Steel City",2023-02-10 09:00:00,2023-03-13 12:00:00,2023-03-14 12:15:00,180,"A.K Das, CGM (Material Management), BPSCL","Hall No. M 01, Old Administrative Building, ISPAT Bhawan, Bokaro Steel City - 827001"
64,Bokaro Power Supply Company (P) Limited,22-23/C-172/NIT-1242,2023_BPSCL_144713_1,Open Tender,Yes,Services,Miscellaneous Services ," 10,63,946 ",730,"Rewinding, Repair and Overhauling of 415 V, 50 Hz AC LT Motors","Rewinding, Repair and Overhauling of 415 V, 50 Hz AC LT Motors of rating more than 25 KW up to 110 KW",2023-02-09 09:00:00,"Power Plant, BPSCL, Bokaro Steel City",2023-02-09 09:00:00,2023-03-09 12:00:00,2023-03-10 12:15:00,180,"A.K Das, CGM (Material Management), BPSCL","Hall No. M 01, Old Administrative Building, ISPAT Bhawan, Bokaro Steel City - 827001"
65,Bokaro Power Supply Company (P) Limited,22-23/C-206/LTE-128,2023_BPSCL_144550_1,Limited,Yes,Services,Miscellaneous Services ," 9,80,280 ",365,Overhauling of Raw Coal Feeders of CPP Boilers,Overhauling of Raw Coal Feeders of CPP Boilers,2023-02-08 09:00:00,"Power Plant, BPSCL, Bokaro Steel City",2023-02-08 09:00:00,2023-02-23 11:00:00,2023-02-24 11:30:00,90,"S Choudhuri, DGM (Material Management), BPSCL","Hall No. M 01, Old Administrative Building, ISPAT Bhawan, Bokaro Steel City - 827001"
66,Bokaro Power Supply Company (P) Limited,22-23/C-199/LTE-117,2023_BPSCL_144410_1,Limited,Yes,Services,Miscellaneous Services ," 7,07,067 ",365,Maintenance of Station Battery Sets of Power Plant.,Maintenance of Station Battery Sets of Power Plant.,2023-02-07 11:00:00,"Power Plant, BPSCL, BOKARO STEEL CITY",2023-02-07 11:00:00,2023-02-23 11:00:00,2023-02-24 11:00:00,90,Senior Manager (MM),"ADM Office, BPSCL, Ispat Bhawan, Bokaro Steel City"
67,Bokaro Power Supply Company (P) Limited,22-23/C-203/LTE-125,2023_BPSCL_143771_1,Limited,Yes,Services,Miscellaneous Services ," 13,47,465 ",365,Assistance in day to day activities of Planning Cell Store.,Assistance in day to day activities of Planning Cell Store.,2023-02-02 14:00:00,"Power Plant, BPSCL,Bokaro Steel City",2023-02-02 14:00:00,2023-02-16 11:00:00,2023-02-17 11:00:00,90,SENIOR MANAGER (MM),Bokaro Power Supply Company (P) Ltd. Hall No. M 01 Old Administrative Building ISPAT Bhawan Bokaro Steel City 827001
68,Bokaro Power Supply Company (P) Limited,22-23/C-147/NIT-1234,2023_BPSCL_143546_1,Open Tender,Yes,Services,Miscellaneous Services ," 16,78,630 ",365,Overhauling of Rotary Drives of TPP Boiler,Overhauling of Rotary Drives of TPP Boiler,2023-02-01 09:00:00,"Power Plant, BPSCL, Bokaro Steel City",2023-02-01 09:00:00,2023-03-02 12:00:00,2023-03-03 12:15:00,180,"A.K Das, CGM (Material Management), BPSCL","Hall No. M 01, Old Administrative Building, ISPAT Bhawan, Bokaro Steel City - 827001"
69,Bokaro Power Supply Company (P) Limited,22-23/EOI-003,2023_BPSCL_143389_1,Open Tender,Yes,Services,Miscellaneous Services ,NA,300,"Revamping, Testing and Commissioning of existing dense phase pneumatic Ash Handling Plant of CPP Boiler.","Revamping, Testing and Commissioning of existing dense phase pneumatic Ash Handling Plant of CPP Boiler.",2023-01-31 11:15:00,"Power Plant, BPSCL, BOKARO STEEL CITY",2023-01-31 11:15:00,2023-03-14 12:00:00,2023-03-15 12:00:00,180,CGM (MM),"ADM Office, BPSCL, Ispat Bhawan, Bokaro Steel City"
70,Bokaro Power Supply Company (P) Limited,22-23/C-198/LTE-118,2023_BPSCL_143272_1,Limited,Yes,Services,Miscellaneous Services ," 11,33,999 ",365,Removal of technological waste from vicinity of Oil system of Ball Mills of Boiler 6 to 9.,Removal of technological waste from vicinity of Oil system of Ball Mills of Boiler 6 to 9.,2023-01-30 14:00:00,"Power Plant, BPSCL, BOKARO STEEL CITY",2023-01-30 14:00:00,2023-02-13 11:00:00,2023-02-14 11:00:00,90,Senior Manager (MM),"ADM Office, BPSCL, Ispat Bhawan, Bokaro Steel City"
71,Bokaro Power Supply Company (P) Limited,22-23/C-200/LTE-119,2023_BPSCL_143251_1,Limited,Yes,Services,Miscellaneous Services ," 10,73,465 ",365,Assistance job for controlling and regulating traffic movement on the level crossing of Railway line.,Assistance job for controlling and regulating traffic movement on the level crossing of Railway line.,2023-01-30 13:00:00,"Power Plant, BPSCL, BOKARO STEEL CITY",2023-01-30 13:00:00,2023-02-13 11:00:00,2023-02-14 11:00:00,90,Senior Manager (MM),"ADM Office, BPSCL, Ispat Bhawan, Bokaro Steel City"
72,Brahmaputra Cracker and Polymer Limited,BCPL/CNP/DU22S307MB/4884,2023_BCPL_144132_1,Open Tender,Yes,Goods,Miscellaneous Goods ,NA,28,"ANNUAL RATE CONTRACT FOR PROCUREMENT OF COPPER RINGS AND O RINGS FOR INSTRUMENTS AIR COMPRESSOR AT GDU, DULIAJAN",Please refer Tender documents.,2023-02-04 15:00:00,"BCPL, Lepetkata",2023-02-04 15:00:00,2023-02-27 11:00:00,2023-02-28 11:00:00,90,MANOSH J. BORAH,"Brahmaputra Cracker and Polymer Limited, C and P Department,
 Administrative Building, PO_Lepetkata,
 Dist_DIBRUGARH, Assam, Pin Code_786006"
73,Brahmaputra Cracker and Polymer Limited,BCPL/CNP/LE22W179MK/02542,2023_BCPL_143313_1,Limited,Yes,Services,Consultancy ,NA,180,HIRING OF CONSULTANCY SERVICES FOR BUSINESS DEVELOPMENT ACTIVITIES OF BCPL,Please refer Tender documents.,2023-01-30 16:30:00,"BCPL, Lepetkata",2023-01-30 16:30:00,2023-02-27 14:30:00,2023-02-28 15:00:00,90,M. K. BINJOLA,"Brahmaputra Cracker and Polymer Limited, C and P Department,
 Administrative Building, PO_Lepetkata,
 Dist_DIBRUGARH, Assam, Pin Code_786006"
74,Brahmaputra Cracker and Polymer Limited,BCPL/FNA/2022-23/STL,2023_BCPL_144646_1,Open Tender,Yes,Services,Miscellaneous Services ,NA,1095,EMPANELMENT OF LENDERS FOR UNSECURED SHORT TERM/ WORKING CAPITAL LOAN OF RS. 500 CRORE,Please refer Tender documents.,2023-02-08 17:00:00,"BCPL, Lepetkata",2023-02-08 17:00:00,2023-02-23 14:30:00,2023-02-24 15:00:00,90,Nayan Mani Dutta,"Brahmaputra Cracker and Polymer Limited, F and A Department,
 Administrative Building, PO_Lepetkata,
 Dist_DIBRUGARH, Assam, Pin Code_786006"
75,Brahmaputra Cracker and Polymer Limited,BCPL/CNP/LE22W222MK/02638,2023_BCPL_143953_1,Open Tender,Yes,Works,Civil Works ,NA,90,"HIRING OF SERVICES FOR REMOVAL OF EXISTING EARTH LAYER OVER FILTERED WATER RESERVOIR AND FILTERED WATER SUMP AT RWTP AREA FOR BCPL, LEPETKATA",Please refer Tender documents.,2023-02-03 13:00:00,"BCPL, Lepetkata",2023-02-03 13:00:00,2023-02-21 14:30:00,2023-02-22 15:00:00,90,M. K. BINJOLA,"Brahmaputra Cracker and Polymer Limited, C and P Department,
 Administrative Building, PO_Lepetkata,
 Dist_DIBRUGARH, Assam, Pin Code_786006"
76,Brahmaputra Valley Fertilizer Corporation Limited,AN/2022/65A/402/228/JS/0365,2023_BVFCL_144388_1,Open Tender,Yes,Goods,Miscellaneous Goods ,NA,365,Upgradation for field instrument pneumatic Pressure Transmitters into Electronic Type Pressure Transmitters,"Up gradation for field instrument pneumatic Pressure Transmitters into Electronic Type
Pressure Transmitters",2023-02-06 18:25:00,BVFCL Namrup,2023-02-06 18:45:00,2023-02-25 15:15:00,2023-02-27 15:30:00,120,DGM (MM),"MM Department
BVFCL Namrup"
77,Brahmaputra Valley Fertilizer Corporation Limited,Nam / Elect / Utly and WTP-III /NIT-10/2022/109,2023_BVFCL_143115_1,Open Tender,Yes,Works,Miscellaneous Works ,NA,365,"Maintenance Assistance for repairing of lighting fixtures,Junction boxes and  LDBs in Uty I  and II, B-II and Jack well group of plants for One Year.","Maintenance Assistance for repairing of lighting fixtures,Junction boxes and  LDBs in Uty I  and II, B-II and Jack well group of plants for One Year.",2023-01-27 18:30:00,BVFCL NAMRUP,2023-01-27 18:30:00,2023-02-20 15:00:00,2023-02-21 15:30:00,180,B SHARMA,"UTLY and   WTP
ELECTRICAL DEPARTMENT
BVFCL"
78,Brahmaputra Valley Fertilizer Corporation Limited,AN/2022/66CPP/781/380/JS/0342,2023_BVFCL_140830_1,Open Tender,Yes,Goods,Miscellaneous Goods ,NA,365,Supply of Gearbox spares for Gas Turbine II,Supply of Gearbox spares for Gas Turbine II,2023-01-07 12:50:00,BVFCL Namrup,2023-01-07 14:00:00,2023-02-16 15:00:00,2023-02-17 15:30:00,120,DGM (MM),"MM Department
BVFCL Namrup"
79,Brahmaputra Valley Fertilizer Corporation Limited,NAM/TS/03(02)/SSP/287,2023_BVFCL_144690_1,Open Tender,Yes,Works,Miscellaneous Works ,NA,365,"Engagement of LSTK Contractor for Design and Detailed Engineering, Supply, Installation,Erection, Testing and Commissioning of 400 TPD SSP Plant with 100 percent conversion facility to GSSP Manufacturing and Packaging.","Engagement of LSTK Contractor for Design and Detailed Engineering, Supply, Installation,Erection, Testing and Commissioning of 400 TPD SSP Plant with 100 percent conversion facility to GSSP Manufacturing and Packaging.",2023-02-08 17:55:00,Namrup,2023-02-08 18:05:00,2023-03-09 15:00:00,2023-03-10 15:30:00,120,DGM TS,BVFCL Namrup
80,Brahmaputra Valley Fertilizer Corporation Limited,UB-III/22/Cont-295/7683,2023_BVFCL_144169_1,Open Tender,Yes,Works,Miscellaneous Works ," 7,62,070 ",20,Repair or renovation of ET 1 Conveyor system structure of Urea III plant,Repair or renovation of ET 1 Conveyor system structure of Urea III plant,2023-02-04 17:35:00,"BVFCL, Namrup",2023-02-04 18:30:00,2023-02-20 15:00:00,2023-02-21 15:30:00,180,M P Sinha,"D G M Maint and MM, BVFCL, Namrup"
81,Brahmaputra Valley Fertilizer Corporation Limited,BVFCL/MKTG/22-23/IMP/DAP/01,2023_BVFCL_141976_1,Global Tenders,Yes,Goods,Miscellaneous Goods ,NA,365,"TERMS OF REFERENCE(TOR) FOR ENTERING INTO PURCHASE AGREEMENT WITH REPUTED TRADERS FOR IMPORT OF 2,00,000 MT of DAP IN A YEAR","TERMS OF REFERENCE(TOR) FOR ENTERING INTO PURCHASE AGREEMENT WITH REPUTED TRADERS FOR IMPORT OF 2,00,000 MT of DAP IN A YEAR",2023-01-17 18:00:00,BVFCL,2023-01-17 18:10:00,2023-02-23 15:30:00,2023-02-24 15:30:00,90,DGM (Marketing),BVFCL Namrup
82,Cement Corporation of India Limted,BKJ/MM/Civil-3823/22-23,2023_CCI_144518_1,Limited,Yes,Goods,Miscellaneous Goods ,NA,60,Procurement of Spares for BG Rail Tracks at Bokajan Unit,Procurement of Spares for BG Rail Tracks at Bokajan Unit,2023-02-07 18:00:00,Bokajan Cement Factory of CCI,2023-02-07 18:00:00,2023-02-23 15:00:00,2023-02-24 15:00:00,90,HOD(MM),"Bokajan Cement Factory, CCI"
83,Cement Corporation of India Limted,TCF/PDN/Coating Removal  Brick Dismantling/2022-2,2023_CCI_144048_1,Open Tender,Yes,Services,AMC/ Maintenance Contracts ,NA,365,ANNUAL CONTRACT FOR REMOVAL OF COATING AND DISMANTLING OF BRICK LINING IN KILN AT CCI TANDUR,ANNUAL CONTRACT FOR REMOVAL OF COATING AND DISMANTLING OF BRICK LINING IN KILN AT CCI TANDUR,2023-02-03 18:00:00,CCI TANDUR,2023-02-03 18:00:00,2023-02-24 15:00:00,2023-02-25 15:30:00,120,CCI TANDUR,"HOD(PORD)
CCI TANDUR
PIN CODE 501158"
84,Cement Corporation of India Limted,BKJ/MM/M-5493/22-23,2023_CCI_143448_1,Limited,Yes,Goods,Miscellaneous Goods ,NA,60,BKJ/MM/M-5493/22-23,procurement of Stainless Steel Plate at Bokajan Cement Factory of CCI,2023-02-03 11:00:00,Bokajan Cement Factory of CCI,2023-02-03 11:00:00,2023-02-20 15:00:00,2023-02-21 15:00:00,90,HOD(MM),"Bokajan Cement Factory, CCI"
85,Cement Corporation of India Limted,BKJ/MM/PROD-2238/22-23,2023_CCI_143760_1,Limited,Yes,Goods,Miscellaneous Goods ,NA,45,BKJ/MM/PROD-2238/22-23,Procurement of Muffle Furnace at Bokajan Cement Factory of CCI,2023-02-02 11:00:00,Bokajan Cement Factory of CCI,2023-02-02 11:00:00,2023-02-15 15:00:00,2023-02-16 16:00:00,90,HOD(MM),Bokajan Cement Factory of CCI
86,Cement Corporation of India Limted,TCF/MM/3061/21_3049/20/282/R,2023_CCI_143560_1,Open Tender,Yes,Goods,Machinery and Machining Tools ,NA,60,"Supply of Pin Bush type Flexible coupling, REC Coupling etc","Supply of Pin Bush type Flexible coupling, REC Coupling etc",2023-02-01 11:00:00,CCI Tandur,2023-02-01 11:00:00,2023-02-15 14:30:00,2023-02-16 15:00:00,120,HOD MM,"HOD MM, CCI Karankote, 501158"
87,Cement Corporation of India Limted,BKJ/MM/Civil-3822/22-23,2023_CCI_143454_1,Limited,Yes,Goods,Miscellaneous Goods ,NA,75,Procurement of Alum at Bokajan Unit,Procurement of Alum at Bokajan Unit,2023-01-31 15:00:00,Cement coorporation Of India LTD Bokajan,2023-01-31 15:00:00,2023-02-20 15:00:00,2023-02-21 15:00:00,120,HOD(MM),"CCI, Bokajan"
88,Cement Corporation of India Limted,TCF/ELECT/AMC/14/2022-23,2023_CCI_143332_1,Open Tender,Yes,Services,AMC/ Maintenance Contracts ,NA,365, Annual Maintenance Contract of," Annual Maintenance Contract of
OTIS ELEVATOR installed at our Pre-Heater Building",2023-01-31 10:00:00,CCI TANDUR,2023-01-31 10:00:00,2023-03-15 15:00:00,2023-03-16 15:30:00,120,CCI TANDUR,"HOD(ELECT)
PIN CODE 501158"
89,Cement Corporation of India Limted,BKO/Adm/IWF/2023,2023_CCI_143199_1,Open Tender,Yes,Services,Miscellaneous Services ,NA,90,Water Filter System,"Industrial Water Filter with minimum capacity of 8000 LPH and maximum 10000 LPH along with pipe fittings, complete kit/ spare parts and installation at Bokajan Cement Factory",2023-01-28 17:30:00,Bokajan,2023-01-28 17:30:00,2023-02-17 15:00:00,2023-02-18 15:05:00,120,HOD HR,BOKAJAN CEMENT FACTOORY
90,Cement Corporation of India Limted,BKJ/MECH/EQUIPTEST/2022-23,2023_CCI_143166_1,Open Tender,Yes,Services,Miscellaneous Services ,NA,30,Overhauling of EOT Crane Bucket,Overhauling/Repairing of EOT Crane Grab Bucket,2023-01-28 13:30:00,Bokajan,2023-01-28 13:30:00,2023-02-11 15:00:00,2023-02-13 15:05:00,120,HOD MECH,BOKAJAN CEMENT FACTORY
91,Cement Corporation of India Limted,TCF/MM/4024/22/277/R,2023_CCI_142093_1,Open Tender,Yes,Goods,Electronic Components And Devices ,NA,60,supply of Vapromatic LRS,supply of Vapromatic LRS,2023-01-19 10:00:00,CCI Tandur,2023-01-19 10:00:00,2023-02-14 14:30:00,2023-02-15 15:00:00,120,HOD MM,CCI Tandur Karankote village 501158
92,Cement Corporation of India Limted,BKO/MECH/COAL/22-23,2023_CCI_141250_1,Open Tender,Yes,Services,Miscellaneous Services ,NA,30,"FABRICATION, ERECTION and COMMISSIONING OF COAL FEED","FABRICATION, ERECTION and COMMISSIONING OF COAL FEED 
HOPPER IN COAL BELT",2023-01-11 15:15:00,BOKAJAN,2023-01-11 15:15:00,2023-02-20 15:00:00,2023-02-21 15:00:00,120,HOD MECH,"BOKAJAN CEMENT FACTORY, BOKAJAN"
93,Cement Corporation of India Limted,TCF/MM/5041/22/267,2023_CCI_141253_1,Open Tender,Yes,Goods,Electrical Goods/Equipment ,NA,45,Supply of Directional Valves,Supply of Directional Valves,2023-01-11 15:00:00,CCI Tandur,2023-01-12 10:00:00,2023-02-13 14:30:00,2023-02-14 15:00:00,120,HOD (MM),"CCI Tandur, karankote village, 501158"
94,Cement Corporation of India Limted,BKJ/MM/RW-7185/22-23,2023_CCI_145027_1,Limited,Yes,Goods,Miscellaneous Goods ,NA,75,"Procurement of Hanger Pin, Latch Pin, Bush etc at Bokajan Cement Factory of CCI","Procurement of Hanger Pin, Latch Pin, Bush etc at Bokajan Cement Factory of CCI",2023-02-10 17:00:00,Bokajan Cement Factory of CCI,2023-02-10 17:00:00,2023-02-27 15:00:00,2023-02-28 15:00:00,120,HOD(MM),Bokajan Cement Factory of CCI
95,Cement Corporation of India Limted,BKO/MECH/KL2/TYRE AND SUPPORT ROLLER/2022-23,2023_CCI_144105_1,Open Tender,Yes,Services,Miscellaneous Services ,NA,60,TYRE AND SUPPORT ROLLER,Tender document for Hiring service for resurfacing of 02 No Kiln Tyre and 04 No Support Rollers,2023-02-04 12:00:00,BOKAJAN,2023-02-04 12:00:00,2023-02-20 15:00:00,2023-02-21 15:05:00,120,HOD MECH,"BOKAJAN CEMENT FACTORY, BOKAJAN"
96,Cement Corporation of India Limted,BKO/MECH/COAL/22-23/01,2023_CCI_143973_1,Open Tender,Yes,Services,Miscellaneous Services ,NA,30,Coal Feed Hopper,"Fabrication, erection and commissioning of Coal Feed Hopper in Coal Belt",2023-02-03 15:30:00,Bokajan ,2023-02-03 15:30:00,2023-02-17 15:00:00,2023-02-18 15:05:00,120,HOD MECH,"BOKAJAN CEMENT FACTORY, BOKAJAN"
97,Cement Corporation of India Limted,RCF/MM/137(22),2023_CCI_143722_1,Limited,Yes,Goods,Miscellaneous Goods ,NA,365,Annual Rate Contract of Electrodes Make ADORFON ,Annual Rate Contract of Electrodes Make ADORFON ,2023-02-02 17:00:00,CCI Rajban,2023-02-02 17:00:00,2023-02-17 15:30:00,2023-02-18 16:00:00,90,HOD MM,CCI Rajban
98,Cement Corporation of India Limted,TCF/MM/3014/22/283/R,2023_CCI_143568_1,Open Tender,Yes,Goods,Mechanical Tools and Equipment ,NA,30,supply of Input / Output Pinion Shaft,supply of Input / Output Pinion Shaft,2023-02-01 11:00:00,CCI Tandur,2023-02-01 11:00:00,2023-02-15 14:30:00,2023-02-16 15:00:00,120,HOD MM,"HOD MM, CCI Karankote , 501158"
99,Cement Corporation of India Limted,TCF/MM/4034/22/281/R,2023_CCI_142762_1,Open Tender,Yes,Goods,Electronic Components And Devices ,NA,45,supply of Spares for preheater OTIS Elevator machine,supply of Spares for preheater OTIS Elevator machine,2023-02-01 10:00:00,CCI Tandur,2023-02-01 10:00:00,2023-02-15 14:30:00,2023-02-16 15:00:00,120,HOD MM,CCI Tandur karankote village 501158
100,Cement Corporation of India Limted,BKJ/MM/M-5478/22-23,2023_CCI_143393_1,Limited,Yes,Goods,Miscellaneous Goods ,NA,75,Procurement of Spring Steel Strips at Bokajan Unit,Procurement of Spring Steel Strips at Bokajan Unit,2023-01-31 12:00:00,Cement coorporation Of India LTD Bokajan,2023-01-31 12:00:00,2023-02-20 15:00:00,2023-02-21 15:00:00,120,HOD(MM),"Cement Corporation of India Ltd., Bokajan"
101,Cement Corporation of India Limted,BKO/ADMN/CANTEEN/F/23,2023_CCI_143230_1,Open Tender,Yes,Services,Miscellaneous Services ,NA,365,Running of Industrial Canteen,Tender for Running Industrial Canteen at Bokajan Cement Factory,2023-01-30 10:00:00,Bokajan,2023-01-30 10:00:00,2023-02-17 15:00:00,2023-02-18 15:05:00,120,HOD HR,"BOKAJAN CEMENT FACTORY, BOKAJAN"
102,Central Electronics Limited, C-2(b)/RC/6001/0088/2023,2023_CEL_145010_1,Open Tender,Yes,Goods,Electrical Goods/Equipment ,NA,60,SUPPLY OF TWO STAGE ROTARY VACUUM PUMP E2M40 (MAKE-EDWARDS),SUPPLY OF TWO STAGE ROTARY VACUUM PUMP E2M40 (MAKE-EDWARDS),2023-02-10 16:00:00,Sahibabad,2023-02-10 16:00:00,2023-02-24 14:30:00,2023-02-24 15:00:00,90,AGM MMD,"Central Electronics Limited site-4 Industrial Area, Saur Urja Marg, Sahibabad 201010
"
103,Central Electronics Limited,C-2(b)/WC/910/0155/2023,2023_CEL_144791_1,Open Tender,Yes,Works,Miscellaneous Works ,NA,1095,Annual Maintenance of SSDAC and HASSDAC systems installed in Danapur Division of East Central Railway for 03 years,Annual Maintenance of SSDAC and HASSDAC systems installed in Danapur Division of East Central Railway for 03 years,2023-02-09 17:00:00,CENTRAL ELECTRONICS LIMITED,2023-02-09 17:00:00,2023-02-22 14:30:00,2023-02-22 15:00:00,90,"AGM, MMD","CEL, MMD"
104,Central Electronics Limited,910/0157/2023,2023_CEL_144324_1,Single,Yes,Goods,Miscellaneous Goods ,NA,21,Supply of Standard Tools kit as per Annexure A-2,"Supply of Standard
Tools Kit as per
Annexure A-2
Make G G Tronics
",2023-02-07 16:00:00,Central Electronics Limited,2023-02-07 16:00:00,2023-02-13 14:30:00,2023-02-13 15:00:00,90,"AGM, MMD","CEL,MMD"
105,Central Electronics Limited,C-2(b)/RC/910/0153/2023,2023_CEL_144343_1,Open Tender,Yes,Works,Miscellaneous Works ,NA,113,Rail Monitoring System for breakage Detection for Elevated Track of,"Rail Monitoring System for breakage Detection for Elevated Track of
L8 between Botanical Garden to Kalkaji-Mandir
",2023-02-06 18:00:00,CENTRAL ELECTRONICS LIMITED,2023-02-06 18:00:00,2023-02-21 14:30:00,2023-02-21 15:00:00,90,"AGM, MMD","CEL,MMD"
106,Central Electronics Limited,C-2(b)/WC/910/0154/2023,2023_CEL_144118_1,Open Tender,Yes,Works,Miscellaneous Works ,NA,312,"Indoor and outdoor signaling work in connection with, Installation, of SSDAC as dual detection for BPAC in Washimbe Malik peth and Tilati Kalaburagi and single line on 10 Block sections of KWV MRJ and PB SNSI of Solapur Division","Indoor and outdoor signaling work in connection with, Installation, of SSDAC as dual detection for BPAC in Washimbe Malik peth and Tilati Kalaburagi and single line on 10 Block sections of KWV MRJ and PB SNSI of Solapur Division",2023-02-04 16:00:00,CENTRAL ELECTRONICS LIMITED,2023-02-04 16:00:00,2023-02-16 14:30:00,2023-02-16 15:00:00,90,"AGM, MMD","CEL, MMD"
107,Central Electronics Limited,C-2(b)/RC/603/0191/2023,2023_CEL_143696_1,Open Tender,Yes,Goods,Machinery and Machining Tools ,NA,60,SUPPLY OF DIAMOND WHEEL FOR CYLINDRICAL GRINDER MACHINE,SUPPLY OF DIAMOND WHEEL FOR CYLINDRICAL GRINDER MACHINE,2023-02-01 17:00:00,Sahibabad,2023-02-01 17:00:00,2023-02-15 14:30:00,2023-02-15 15:00:00,90,AGM MMD,"Central Electronics Limited, site 4, Industrial Area, Saur Urja Marg, Sahibabad 201010
"
108,Central Electronics Limited,C-2(b)/WC/0904/1196/2023,2023_CEL_142928_1,Open Tender,Yes,Works,Miscellaneous Works ,NA,730,Annual Contract for Running Canteen Services at CEL Campus,"To provide tea, snacks, breakfast, lunch and dinner on 24X7X365 basis at CEL, Sahibabad as per terms and Conditions of the tender.",2023-01-25 15:00:00,Central Electronics Limited,2023-01-25 15:00:00,2023-02-14 14:30:00,2023-02-14 15:00:00,90,"AGM, MMD","MMD, Central Electronics Limited, Industrial Area Site IV, Sahibabad 201010."
109,Central Electronics Limited,C-2(b)/RC/302/15506/2023,2023_CEL_145052_1,Limited,Yes,Goods,Electrical Goods/Equipment ,NA,1801,Procurement of various type of cable,Procurement of various type of cable,2023-02-10 18:00:00,Central Electronics Limited,2023-02-10 18:00:00,2023-02-18 14:30:00,2023-02-18 15:00:00,180,AGM MMD,Materials Management Division Central Electronics Limited Sahibabad 201010
110,Central Electronics Limited,C-2(b)/RC/302/15505/2023,2023_CEL_144993_1,Limited,Yes,Goods,Electrical Goods/Equipment ,NA,180,"Procurement of E/M Counter 6 digit,24v DC Non Resatable","Procurement of E/M Counter 6 digit,24v DC Non Resatable",2023-02-10 15:00:00,Central Electronics Limited ,2023-02-10 15:00:00,2023-02-17 14:30:00,2023-02-17 15:00:00,180,AGM MMD,Material Management division Central Electronics Limited Sahibabad 201010 
111,Central Electronics Limited,EnquiryNo.0700/8351/2023,2023_CEL_144475_2,Limited,Yes,Goods,Consumables- Raw materials ,NA,30,"Supply of Anodized Aluminium Channel Size 875MM, 660MM and Aluminium Channel Corner Size 22.3MM","Supply of Anodized Aluminium Channel Size 875MM, 660MM and Aluminium Channel Corner Size 22.3MM",2023-02-08 12:00:00,Sahibabad,2023-02-08 12:00:00,2023-02-14 15:00:00,2023-02-14 15:00:00,30,"Manager, MMD","Central Electronics Limited 4, Industrial Area Sahibabad 201010"
112,Central Electronics Limited,EnquiryNo.0700/8350/2023,2023_CEL_144471_1,Limited,Yes,Goods,Miscellaneous Goods ,NA,15,Supply of Junction Box 3-T,Supply of Junction Box 3-T,2023-02-07 15:00:00,Sahibabad,2023-02-07 15:00:00,2023-02-14 15:00:00,2023-02-14 15:00:00,30,"Manager, MMD","CENTRAL ELECTRONICS LIMITED, 4, Industrial Area, Saur Urja Marg, Sahibabad 201010 "
113,Central Electronics Limited,603/0193/2023,2023_CEL_144339_1,Single,Yes,Goods,Mechanical Tools and Equipment ,NA,30,Supply of Electroplated Diamond Wheel,Supply of Electroplated Diamond Wheel,2023-02-06 17:00:00,Sahibabad,2023-02-06 17:00:00,2023-02-13 14:30:00,2023-02-13 15:00:00,90,AGM MMD,"Central Electronics Limited site 4 Industrial Area 
Sahibabad 201010
"
114,Central Electronics Limited,C-2(b)/WC/0907/0438/2023 ,2023_CEL_144007_1,Open Tender,Yes,Works,Electrical Works ,NA,90,"SITC of HVAC (Retrofitted by VRF air Conditioning Works) for MED Ground and  First floor CEL Campus, Sahibabad.","SITC of HVAC (Retrofitted by VRF air Conditioning Works) for MED Ground and  First floor CEL Campus, Sahibabad.",2023-02-03 17:00:00,Central Electronics Limited,2023-02-03 17:00:00,2023-02-16 14:30:00,2023-02-16 15:00:00,90,AGM MMD,"Central Electronics Limited, Industrial Area Site IV, Sahibabad 201010
"
115,Central Electronics Limited,C-2(b)/RC/602/3415/2023,2023_CEL_142949_1,Open Tender,Yes,Goods,Miscellaneous Goods ,NA,365,SUPPLY OF ALUMINIUM JACKET C-BAND AND ALUMINIUM JACKET X-BAND,SUPPLY OF ALUMINIUM JACKET C-BAND AND ALUMINIUM JACKET X-BAND,2023-01-25 16:00:00,Sahibabad,2023-01-25 16:00:00,2023-02-13 14:30:00,2023-02-13 15:00:00,90,AGM MMD,"Central Electronics Limited, site 4, Industrial Area, Saur Urja Marg, Sahibabad  201 010"
116,Central Electronics Limited,C-2(b)/RC/602/3407/2023,2023_CEL_142823_1,Open Tender,Yes,Goods,Consumables- Raw materials ,NA,365,SUPPLY OF SILVER PLATE PURITY 99.95 percent ,SUPPLY OF SILVER PLATE PURITY 99.95 percent ,2023-01-24 18:00:00,Sahibabad,2023-01-24 18:00:00,2023-02-16 14:30:00,2023-02-16 15:00:00,90,AGM MMD,"Central Electronics Limited site 4, Industrial Area 
SAHIBABAD 201010"
117,Cochin Shipyard Limited,CNS/ARC/EOD8010/01/23,2023_CSL_144833_1,Open Tender,Yes,Goods,Electrical Goods/Equipment ,NA,730,HEAT SHRINKABLE SLEEVES AND EARTHING CABLES,HEAT SHRINKABLE SLEEVES AND EARTHING CABLES,2023-02-10 12:30:00,ERNAKULAM,2023-02-10 12:30:00,2023-03-16 15:00:00,2023-03-17 15:00:00,120,DGM MAT ,"DGM MAT
COCHIN SHIPYARD LTD
COCHIN 682015"
118,Cochin Shipyard Limited,SR1/726A33396/GePNIC/023,2023_CSL_143712_1,Open Tender,Yes,Services,Miscellaneous Services ,NA,60,HIRING OF SKID STEERING LOADER/BOBCAT WITH OPERTOR,"HIRING OF SKID STEERING LOADER/BOBCAT WITH OPERTOR
FOR THE VESSEL VISHVA VINAY",2023-02-09 14:30:00,Cochin,2023-02-09 14:30:00,2023-02-14 15:00:00,2023-02-15 15:00:00,120,"DEPUTY GENERAL MANGER, SRM","Ship Repair Materials Department
Cochin Shipyard Limited
Kochi-682015 
Kerala, India

"
119,Cochin Shipyard Limited,SR1/726A32253/GePNIC/024,2023_CSL_144583_1,Open Tender,Yes,Services,Miscellaneous Services ,NA,45,HIRING OF COMPRESSOR WITH OPERATOR,HIRING OF COMPRESSOR WITH OPERATOR FOR REPAIR VESSEL VISHVA VINAY,2023-02-08 12:00:00,Cochin,2023-02-08 12:00:00,2023-02-13 15:00:00,2023-02-14 15:00:00,120,"DEPUTY GENERAL MANGER, SRM","Ship Repair Materials Department
Cochin Shipyard Limited
Kochi-682015 
Kerala, India
"
120,Cochin Shipyard Limited,MAT/CSH-2/0024/21-22 Spare batteries for SH 20,2023_CSL_141355_1,Open Tender,Yes,Goods,Batteries and cells and accessories ,NA,20,Procurement of Spare batteries for SH-20,Procurement of Spare batteries for SH-20,2023-01-13 09:00:00,CSL Cochin,2023-01-13 10:05:00,2023-02-13 15:00:00,2023-02-14 15:30:00,120,DGM (MAT),"CSL, Cochin"
121,Cochin Shipyard Limited,SR6/RM714P8417/ GePNIC,2023_CSL_144994_1,Open Tender,Yes,Goods,Cables and Wires ,NA,60,ARMORED CTD CABLE FOR SINDHU SADHANA,ARMORED CTD CABLE FOR SINDHU SADHANA,2023-02-10 16:00:00,cochin shipyard ltd.,2023-02-10 16:00:00,2023-02-18 18:00:00,2023-02-20 11:00:00,120,DGM(SRM),"cochin shipyard ltd.,
COCHIN"
122,Cochin Shipyard Limited,MAT/CSH4 /061/2022-23,2023_CSL_144801_1,Open Tender,Yes,Goods,Miscellaneous Goods ,NA,60,Supply of Bilge Pump with Accessories,Bilge Pump with Accessories for BY 150 ,2023-02-09 16:00:00,Cochin Shipyard ,2023-02-09 16:00:00,2023-02-20 15:00:00,2023-02-21 15:30:00,120,Lalin T Divan,Manager 
123,Cochin Shipyard Limited,CSL/MAT/AC4/DEF/FLM/2023/01,2023_CSL_144614_1,Open Tender,Yes,Goods,Miscellaneous Goods ,NA,30,PROCUREMENT OF  WOODEN TOGGLE (HARD WOOD/ TEAK WOOD) FOR IAC P 071,PROCUREMENT OF  WOODEN TOGGLE (HARD WOOD/ TEAK WOOD) FOR IAC P 071,2023-02-08 15:00:00,Cochin Shipyard Ltd,2023-02-09 09:00:00,2023-03-07 15:00:00,2023-03-09 15:30:00,120,Vipin Kumar M V,"Senior Project Officer (Materials)
Cochin Shipyard Ltd
"
124,Cochin Shipyard Limited,CNS/ARC02/EOD/01-03/311/2023,2023_CSL_142875_1,Open Tender,Yes,Goods,Electrical Goods/Equipment ,NA,730,ARC FOR SUPPLY OF CABLE TIES AND CABLE CRIMPING LUGS,ARC FOR SUPPLY OF CABLE TIES AND CABLE CRIMPING LUGS,2023-01-30 10:30:00,ERNAKULAM,2023-01-30 10:30:00,2023-02-20 09:00:00,2023-02-21 11:00:00,120,DGM MAT ,"DGM MAT
COCHINSHIPYARD LTD
COCHIN 682015"
125,Council of Scientific and Industrial Research,IMMT-PZ-31-2022,2023_CSIR_145026_1,Single,Yes,Goods,Consumables (Hospital / Lab) ,NA,30,"Shaded pole motor, Boss Head Clamp for Stirrer","Supply of Shaded pole motor, Boss Head Clamp for Stirrer",2023-02-10 18:55:00,"CSIR-IMMT, Acharya Vihar, Bhubaneswar",2023-02-10 18:55:00,2023-02-16 15:00:00,2023-02-17 15:00:00,90,Director,"Director, CSIR-IMMT, Acharya Vihar, Bhubaneswar"
126,Council of Scientific and Industrial Research,IMMT-PZ-30-2022,2023_CSIR_145020_1,Single,Yes,Goods,Consumables (Hospital / Lab) ,NA,30,Spare Parts for existing PLFLS 980,Supply of spare parts for existing PLFLS 980,2023-02-10 18:55:00,"CSIR-IMMT, Acharya Vihar, Bhubaneswar",2023-02-10 18:55:00,2023-02-16 15:00:00,2023-02-17 15:00:00,90,Director,"Director, CSIR-IMMT, Acharya Vihar, Bhubaneswar"
127,Council of Scientific and Industrial Research,34-IMP-22-P-22 ,2023_CSIR_144900_1,Global Tenders,Yes,Goods,Miscellaneous Goods ,NA,84,Procurement of Inline Portable Fourier Transform-Infrared Spectrophotometer with flow through cell,Procurement of Inline Portable Fourier Transform-Infrared Spectrophotometer with flow through cell,2023-02-10 18:55:00,"CSIR-National Chemical Laboratory, Pune",2023-02-24 15:00:00,2023-03-03 15:00:00,2023-03-04 15:00:00,90,Controller of Stores and Purchase,"CSIR-NCL, Dr. Homi Bhabha Road, Pune-411008 "
128,Council of Scientific and Industrial Research,7(15)/2022/Pur/T-178,2023_CSIR_145087_1,Open Tender,Yes,Goods,Miscellaneous Goods ,NA,60,"Supply, installation and commissioning of Programmable Spin Coater with IR Heat Cover and Integrated Syringe Pump ","Supply, installation and commissioning of Programmable Spin Coater with IR Heat Cover and Integrated Syringe Pump ",2023-02-10 18:55:00,CLRI Chennai,2023-02-10 18:55:00,2023-02-23 15:00:00,2023-02-24 15:00:00,90,The Director,CSIR-CLRI
129,Council of Scientific and Industrial Research,7(24)/2022/Pur/T-177,2023_CSIR_145083_1,Open Tender,Yes,Goods,Miscellaneous Goods ,NA,60,Procurement of Automated Vacuum Desiccator Cabinet,Procurement of Automated Vacuum Desiccator Cabinet,2023-02-10 18:55:00,CLRI Chennai,2023-02-10 18:55:00,2023-02-23 15:00:00,2023-02-24 15:00:00,90,The Director,CSIR-CLRI
130,Council of Scientific and Industrial Research,01/ES/44/2022-ELE.,2023_CSIR_145073_1,Open Tender,Yes,Works,Electrical Works ," 8,29,660 ",45,01/ES/44/2022-ELE.,AS PER NIT,2023-02-10 18:50:00,"CSIR-NBRI MAIN BUILDING,GARDEN BLOCK",2023-02-10 18:50:00,2023-02-16 11:00:00,2023-02-17 11:30:00,90,DIRECTOR,AEE EL ESS
131,Council of Scientific and Industrial Research,Pur/5/22-23/AMC-AirN2/12921,2023_CSIR_145032_1,Single,Yes,Services,AMC/ Maintenance Contracts ,NA,365,AMC for Air and N2(PSA),AMC for Air and N2(PSA),2023-02-10 18:00:00,"CSIR-IIP, Mohkampur, Dehradun",2023-02-10 18:00:00,2023-02-20 15:00:00,2023-02-21 15:00:00,90,DIIP,"CSIR-IIP, Mohkampur, Dehradun-248005"
132,Council of Scientific and Industrial Research,PUR-182/SerReprCal/EAPID/22-23,2023_CSIR_144976_1,Single,Yes,Services,Miscellaneous Services ,NA,45,Service Repair and Calibration of Continuous Air Monitoring Station,Service Repair and Calibration of Continuous Air Monitoring Station,2023-02-10 18:00:00,"CSIR-NEERI, NAGPUR",2023-02-10 18:00:00,2023-02-16 13:00:00,2023-02-17 15:00:00,90,"DIRECTOR, CSIR-NEERI, NAGPUR","NEHRU MARG, NAGPUR"
133,Council of Scientific and Industrial Research,NIT-3-35-2022,2023_CSIR_145070_1,Single,Yes,Goods,Computer- S/W ,NA,45,Procurement of Ansys Zemax OpticStudio,Procurement of Ansys Zemax OpticStudio details as per tender document,2023-02-10 17:50:00,Purchase Section CSIR-CSIO Sector 30 Chandigarh,2023-02-10 17:50:00,2023-02-20 15:00:00,2023-02-21 15:30:00,90,Controller of Stores and Purchase,The Director CSIR-CSIO Sector 30 Chandigarjh
134,Council of Scientific and Industrial Research,34-IMP-23-P-22,2023_CSIR_144895_1,Global Tenders,Yes,Goods,Miscellaneous Goods ,NA,84,Procurement of Compact Inline Mass Spectrometer ,Procurement of Compact Inline Mass Spectrometer ,2023-02-10 16:00:00,"CSIR-National Chemical Laboratory, Pune",2023-02-25 11:00:00,2023-03-03 13:00:00,2023-03-04 13:00:00,90,Controller of Stores and Purchase,"CSIR-NCL,
Dr. Homi Bhabha Road, Pune-411008
"
135,Council of Scientific and Industrial Research,NAL/34/EBU-B/2022-23,2023_CSIR_144786_1,Open Tender,Yes,Works,Civil Works ," 80,16,945 ",366,"Annual repairs and maintenance of Lab, Water supply and Distribution to 4PI, C-CADD,CCFP and STP at NWTC, Belur Campus, NAL, Bangalore","Annual repairs and maintenance of Lab, Water supply and Distribution to 4PI, C-CADD,CCFP and STP at NWTC, Belur Campus, NAL, Bangalore",2023-02-10 15:00:00,"CSIR-NAL, NWTC, BELUR, BENGALURU - 560 037",2023-02-10 15:00:00,2023-02-20 15:00:00,2023-02-21 15:00:00,90,"DIRECTOR, CSIR-NAL, BENGALURU - 560 017","DIRECTOR, CSIR - NATIONAL AEROSPACE LABORATORIES, KODIHALLI, P.B.No.1779, BENGALURU - 560 017"
136,Council of Scientific and Industrial Research,NAL/37/EBU-KH-SQ/2022-23,2023_CSIR_144813_1,Open Tender,Yes,Works,Civil Works ," 84,85,625 ",366,"Annual Repairs and Maintenance of Staff Quarters at Kodihalli Campus, NAL, Bangalore","Annual Repairs and Maintenance of Staff Quarters at Kodihalli Campus, NAL, Bangalore",2023-02-10 15:00:00,"CSIR-NAL, KODIHALLI, BENGALURU - 560 017",2023-02-10 15:00:00,2023-02-20 15:00:00,2023-02-21 15:00:00,90,"DIRECTOR, CSIR-NAL, BENGALURU - 560 017","DIRECTOR, CSIR - NATIONAL AEROSPACE LABORATORIES, KODIHALLI, P.B.No.1779, BENGALURU - 560 017"
137,Council of Scientific and Industrial Research,IHBT/2023/3435,2023_CSIR_144977_1,Single,Yes,Goods,Electronic Components And Devices ,NA,20,eTender forUpgradation in SURVEYBOT Drone ,Upgradation in SURVEYBOT Drone ,2023-02-10 14:00:00,CSIR IHBT Palampur HP,2023-02-10 14:00:00,2023-02-16 15:00:00,2023-02-17 15:00:00,90,Director CSIR IHBT Palampur HP,Office of the Stores and Purchase Officer CSIR IHBT Palampur
138,Council of Scientific and Industrial Research,NIScPR/Pur/22-23/PAC-3,2023_CSIR_144954_1,Open Tender,Yes,Goods,Computer- S/W , 0.00 ,60,StatisticaSoftware,Software,2023-02-10 12:00:00,NIScPR New Delhi,2023-02-10 12:00:00,2023-02-16 17:00:00,2023-02-18 17:00:00,90,Director NIScPR,NIScPR New Delhi
139,Council of Scientific and Industrial Research,11(8)/NIScPR/G/2022,2023_CSIR_144729_1,Open Tender,Yes,Works,Civil Works - Others ," 10,61,528 ",365,"Upholstery works of sofa,  chairs and other allied works at NIScPR campuses at Pusa, S.V. Marg,  Maharani Bagh Guest House, New Delhi","Upholstery works of sofa,  chairs and other allied works at NIScPR campuses at Pusa, S.V. Marg  Maharani Bagh Guest House, New Delhi",2023-02-10 11:00:00,"NIScPR, Pusa, SV Marg, MB Guest House",2023-02-10 11:30:00,2023-02-20 11:00:00,2023-02-21 11:35:00,75,"Director, NIScPR","NIScPR, Dr. K S Krishnan Marg, Pusa, New Delhi"
140,Council of Scientific and Industrial Research,34-IMP-33-P-22,2023_CSIR_144898_1,Global Tenders,Yes,Goods,Miscellaneous Goods ,NA,112,Procurement of Benchtop Powder X- ray Diffractometer (XRD) ,Procurement of Benchtop Powder X- ray Diffractometer (XRD) ,2023-02-10 09:00:00,"CSIR-National Chemical Laboratory, Pune",2023-03-03 09:00:00,2023-03-09 13:00:00,2023-03-10 13:00:00,90,Controller of Stores and Purchase,"CSIR-NCL,
Dr. Homi Bhabha Road, Pune-411008
"
141,Council of Scientific and Industrial Research,46/67/22-23/CC/Maint/ESD,2023_CSIR_144682_1,Open Tender,Yes,Works,Civil Works ," 18,46,988 ",60,"Roof treatment and renovation work of Community Complex at CSIR-CMERI Colony, Durgapur-9","Roof treatment and renovation work of Community Complex at CSIR-CMERI Colony, Durgapur-9",2023-02-10 09:00:00,"CSIR-CMERI COLONY, DURGAPUR",2023-02-10 12:00:00,2023-02-20 14:30:00,2023-02-21 15:00:00,90,"DIRECTOR, CSIR-CMERI","The Director, CSIR-CMERI, Durgapur 713209"
142,Council of Scientific and Industrial Research,52/92/22-23/CE/Maint/ESD,2023_CSIR_144668_1,Open Tender,Yes,Works,Electrical Works ," 10,44,438 ",10,"Installation of UG cable for DG power line with few light fittings for Football play Ground, Technical exhibition centre and Medical centre at CSIR-CMERI old Colony, Durgapur.","Installation of UG cable for DG power line with few light fittings for Football play Ground, Technical exhibition centre and Medical centre at CSIR-CMERI old Colony, Durgapur.",2023-02-10 09:00:00,"CSIR-CMERI Colony, Durgapur",2023-02-10 12:00:00,2023-02-16 14:30:00,2023-02-17 15:00:00,90,"DIRECTOR, CSIR-CMERI","The Director, CSIR-CMERI, Durgapur 713209"
143,Council of Scientific and Industrial Research,5(22)/2022/Pur/T-175,2023_CSIR_144724_1,Open Tender,Yes,Goods,Miscellaneous Goods ,NA,60,Procurement of Chemicals,Procurement of Chemicals,2023-02-09 18:55:00,CLRI Chennai,2023-02-09 18:55:00,2023-02-23 15:00:00,2023-02-24 15:00:00,90,The Director,CSIR-CLRI
144,Council of Scientific and Industrial Research,CSIR-NIIST/OWOL/EVENT/2022-23,2023_CSIR_144864_1,Open Tender,Yes,Services,Miscellaneous Services ,NA,100,CSIR-NIIST/OWOL/EVENT/2022-23,OWOL Mega Event ,2023-02-09 18:15:00,"CSIR-NIIST, TRIVANDRUM",2023-02-09 18:55:00,2023-02-15 11:30:00,2023-02-16 12:00:00,45,THE DIRECTOR,CSIR-NIIST TRIVANDRUM
